[
    {
        "trainingName": "啞鈴飛鳥",
        "trainingPart": "chest"
    },
    {
        "trainingName": "伏地挺身",
        "trainingPart": "chest"
    },
    {
        "trainingName": "杠鈴卧推",
        "trainingPart": "chest"
    },
    {
        "trainingName": "單手啞鈴卧推",
        "trainingPart": "chest"
    },
    {
        "trainingName": "繃帶捲腹",
        "trainingPart": "abs"
    },
    {
        "trainingName": "仰臥起坐",
        "trainingPart": "abs"
    },
    {
        "trainingName": "懸垂腿上舉",
        "trainingPart": "abs"
    },
    {
        "trainingName": "俄羅斯轉體",
        "trainingPart": "abs"
    },
    {
        "trainingName": "坐姿啞鈴推舉",
        "trainingPart": "shoulder"
    },
    {
        "trainingName": "立式平舉",
        "trainingPart": "shoulder"
    },
    {
        "trainingName": "站立杠鈴推舉",
        "trainingPart": "shoulder"
    },
    {
        "trainingName": "俯身側平舉",
        "trainingPart": "shoulder"
    },
    {
        "trainingName": "三頭肌下壓",
        "trainingPart": "triceps"
    },
    {
        "trainingName": "俯身三頭肌伸展",
        "trainingPart": "triceps"
    },
    {
        "trainingName": "窄握臥推",
        "trainingPart": "triceps"
    },
    {
        "trainingName": "啞鈴三頭肌屈伸",
        "trainingPart": "triceps"
    },
    {
        "trainingName": "啞鈴彎舉",
        "trainingPart": "biceps"
    },
    {
        "trainingName": "引體向上",
        "trainingPart": "biceps"
    },
    {
        "trainingName": "啞鈴彎舉",
        "trainingPart": "biceps"
    },
    {
        "trainingName": "錘式彎舉",
        "trainingPart": "biceps"
    },
    {
        "trainingName": "拉力器下拉",
        "trainingPart": "Back"
    },
    {
        "trainingName": "引體向上",
        "trainingPart": "Back"
    },
    {
        "trainingName": "杠鈴划船",
        "trainingPart": "Back"
    },
    {
        "trainingName": "單手啞鈴划船",
        "trainingPart": "Back"
    },
    {
        "trainingName": "腿部推蹬機",
        "trainingPart": "thigh"
    },
    {
        "trainingName": "深蹲",
        "trainingPart": "thigh"
    },
    {
        "trainingName": "杠鈴硬拉",
        "trainingPart": "thigh"
    },
    {
        "trainingName": "啞鈴弓步",
        "trainingPart": "thigh"
    },
    {
        "trainingName": "立式小腿推蹬",
        "trainingPart": "calf muscle"
    },
    {
        "trainingName": "原地踏步",
        "trainingPart": "calf muscle"
    },
    {
        "trainingName": "單腿弓步蹲起",
        "trainingPart": "calf muscle"
    },
    {
        "trainingName": "啞鈴單腿提踵",
        "trainingPart": "calf muscle"
    }
]
